iter	Passed	Remaining
0	20	250734
1	44	269168
2	69	279183
3	93	281725
4	119	287569
5	144	289058
6	172	295645
7	201	301469
8	231	308856
9	259	311667
10	289	315222
11	325	324682
12	354	326590
13	391	334822
14	425	340257
15	457	342553
16	487	343726
17	514	342671
18	543	342605
19	573	343636
20	600	342809
21	628	342324
22	655	341153
23	682	340670
24	711	340967
25	739	340675
26	767	340347
27	797	340925
28	830	342694
29	861	343797
30	891	344272
31	920	344261
32	949	344318
33	981	345598
34	1007	344451
35	1038	345221
36	1083	350460
37	1116	351426
38	1157	354924
39	1192	356548
40	1226	357787
41	1270	361671
42	1334	371161
43	1389	377689
44	1422	377881
45	1462	379999
46	1500	381542
47	1535	382442
48	1571	383317
49	1611	385102
50	1646	385723
51	1678	385772
52	1713	386230
53	1742	385485
54	1772	384911
55	1804	384819
56	1835	384621
57	1865	384202
58	1896	383875
59	1925	383153
60	1956	382968
61	1990	383206
62	2026	383947
63	2063	384914
64	2118	388954
65	2156	389927
66	2186	389352
67	2215	388716
68	2247	388676
69	2279	388539
70	2317	389454
71	2350	389320
72	2382	389180
73	2413	388888
74	2441	388274
75	2472	387849
76	2507	388217
77	2541	388391
78	2570	387822
79	2600	387430
80	2631	387219
81	2664	387257
82	2698	387407
83	2729	387258
84	2762	387265
85	2797	387487
86	2828	387283
87	2859	387105
88	2897	387813
89	2928	387512
90	2958	387176
91	2987	386637
92	3025	387347
93	3060	387590
94	3092	387572
95	3134	388649
96	3167	388632
97	3199	388596
98	3232	388579
99	3264	388515
100	3293	388004
101	3320	387377
102	3350	387012
103	3382	386857
104	3415	386890
105	3445	386587
106	3475	386290
107	3504	385837
108	3533	385458
109	3562	385027
110	3591	384714
111	3622	384554
112	3649	383908
113	3679	383609
114	3710	383497
115	3740	383209
116	3769	382851
117	3797	382438
118	3828	382229
119	3856	381803
120	3882	381134
121	3912	380927
122	3941	380564
123	3974	380689
124	4006	380580
125	4034	380192
126	4066	380151
127	4097	379997
128	4124	379587
129	4153	379244
130	4183	379036
131	4210	378586
132	4238	378181
133	4268	378021
134	4295	377493
135	4321	377030
136	4348	376552
137	4375	376109
138	4402	375702
139	4429	375246
140	4458	374970
141	4487	374758
142	4513	374267
143	4539	373736
144	4564	373217
145	4593	372938
146	4623	372793
147	4650	372407
148	4677	372073
149	4708	372010
150	4735	371630
151	4764	371381
152	4799	371661
153	4830	371573
154	4859	371321
155	4889	371261
156	4919	371068
157	4950	371004
158	4980	370937
159	5016	371241
160	5052	371513
161	5086	371687
162	5122	371983
163	5157	372190
164	5189	372236
165	5218	372048
166	5249	371955
167	5280	371863
168	5312	371922
169	5341	371693
170	5370	371491
171	5401	371445
172	5433	371425
173	5461	371186
174	5490	370984
175	5523	371078
176	5557	371220
177	5593	371501
178	5636	372233
179	5673	372557
180	5702	372348
181	5731	372202
182	5761	372069
183	5792	372007
184	5823	371933
185	5856	371985
186	5888	372008
187	5920	371980
188	5952	371993
189	5985	372023
190	6017	372025
191	6054	372376
192	6096	372961
193	6131	373154
194	6164	373179
195	6199	373348
196	6323	378858
197	6382	380464
198	6429	381263
199	6469	381713
200	6510	382172
201	6547	382427
202	6579	382371
203	6609	382182
204	6641	382146
205	6708	384096
206	6738	383896
207	6772	383974
208	6807	384069
209	6838	383930
210	6877	384284
211	6912	384359
212	6943	384246
213	6976	384230
214	7009	384231
215	7043	384269
216	7079	384412
217	7113	384471
218	7145	384375
219	7174	384175
220	7203	383955
221	7231	383680
222	7264	383648
223	7306	384096
224	7341	384220
225	7370	383975
226	7395	383535
227	7422	383258
228	7450	382986
229	7478	382697
230	7507	382489
231	7535	382208
232	7561	381881
233	7588	381582
234	7617	381341
235	7643	380992
236	7672	380799
237	7699	380534
238	7728	380311
239	7756	380078
240	7782	379741
241	7808	379377
242	7835	379100
243	7862	378837
244	7891	378640
245	7919	378378
246	7944	378045
247	7972	377813
248	8001	377620
249	8026	377265
250	8055	377074
251	8087	377017
252	8117	376886
253	8144	376641
254	8173	376440
255	8202	376270
256	8227	375920
257	8254	375698
258	8283	375513
259	8313	375378
260	8340	375136
261	8371	375055
262	8400	374888
263	8426	374591
264	8454	374400
265	8481	374141
266	8516	374256
267	8545	374088
268	8573	373899
269	8604	373819
270	8635	373767
271	8666	373685
272	8695	373537
273	8722	373267
274	8749	373058
275	8776	372801
276	8804	372599
277	8836	372602
278	8878	373013
279	8906	372779
280	8936	372702
281	8975	372973
282	9011	373098
283	9049	373317
284	9083	373390
285	9113	373287
286	9146	373288
287	9180	373329
288	9211	373254
289	9239	373091
290	9271	373044
291	9303	373013
292	9334	372964
293	9364	372872
294	9395	372808
295	9424	372646
296	9457	372657
297	9491	372730
298	9521	372597
299	9550	372457
300	9580	372373
301	9610	372264
302	9640	372171
303	9676	372292
304	9715	372523
305	9748	372533
306	9780	372515
307	9815	372600
308	9851	372718
309	9890	372976
310	9921	372916
311	9960	373126
312	9998	373347
313	10034	373466
314	10074	373713
315	10110	373848
316	10166	374667
317	10233	375944
318	10297	377083
319	10350	377798
320	10459	380552
321	10595	384282
322	10747	388526
323	10860	391371
324	11017	395772
325	11125	398402
326	11192	399525
327	11292	401846
328	11444	405986
329	11511	407092
330	11584	408408
331	11679	410462
332	11734	411125
333	11778	411416
334	11812	411322
335	11846	411248
336	11888	411453
337	11923	411383
338	11960	411416
339	12001	411567
340	12047	411905
341	12088	412067
342	12125	412095
343	12162	412095
344	12197	412061
345	12231	411981
346	12265	411887
347	12301	411876
348	12337	411889
349	12375	411912
350	12410	411867
351	12447	411910
352	12482	411864
353	12517	411810
354	12552	411759
355	12586	411682
356	12620	411588
357	12657	411609
358	12691	411526
359	12729	411585
360	12773	411827
361	12809	411800
362	12846	411841
363	12885	411911
364	12925	412019
365	12967	412202
366	13004	412225
367	13044	412318
368	13099	412899
369	13150	413365
370	13193	413565
371	13244	414004
372	13282	414036
373	13344	414832
374	13393	415196
375	13435	415372
376	13471	415334
377	13509	415364
378	13550	415494
379	13593	415660
380	13654	416403
381	13695	416515
382	13734	416581
383	13772	416633
384	13810	416646
385	13857	416935
386	13906	417287
387	13957	417727
388	13996	417760
389	14033	417763
390	14069	417729
391	14102	417610
392	14134	417439
393	14164	417231
394	14195	417061
395	14226	416865
396	14255	416644
397	14284	416394
398	14312	416149
399	14342	415937
400	14372	415721
401	14400	415450
402	14428	415190
403	14457	414959
404	14485	414702
405	14512	414431
406	14539	414134
407	14567	413876
408	14593	413573
409	14621	413318
410	14648	413058
411	14676	412802
412	14705	412559
413	14731	412282
414	14758	411989
415	14786	411754
416	14813	411479
417	14840	411192
418	14868	410963
419	14898	410772
420	14927	410567
421	14957	410384
422	14997	410459
423	15033	410429
424	15063	410269
425	15096	410148
426	15129	410060
427	15160	409891
428	15190	409711
429	15218	409475
430	15246	409239
431	15273	408978
432	15299	408705
433	15328	408498
